INSERT INTO base_organization (nodetype,nodeid,nodecode,nodename,orderno,parent_id,shortname,STATUS ,VERSION) VALUES ('01', '9500ed45-d465-42cd-a686-30f643fd2b68', 'org', '机构', '0', '', NULL, '1', 0);
INSERT INTO base_organization (nodetype,nodeid,nodecode,nodename,orderno,parent_id,shortname,STATUS ,VERSION) VALUES ('02', '482e8a6f-7fd9-419c-bc53-362366bbfe0a', 'dep', '部门', '0', '9500ed45-d465-42cd-a686-30f643fd2b68', NULL, '1', 0);
INSERT INTO base_organization (nodetype,nodeid,nodecode,nodename,orderno,parent_id,shortname,STATUS ,VERSION) VALUES ('03', 'eb456f62-fff2-4ced-8e6d-4c0b84db6427', NULL, '管理员', '0', '9500ed45-d465-42cd-a686-30f643fd2b68', NULL, '1', 0);
INSERT INTO base_branch (link_tel,manager,org_addr,nodeid) VALUES ('13333333333', 'xxxx', NULL, '9500ed45-d465-42cd-a686-30f643fd2b68');
INSERT INTO base_department (description,link_tel,manager,responsibility,nodeid) VALUES (NULL, '13333333333', 'ky', NULL, '482e8a6f-7fd9-419c-bc53-362366bbfe0a');
INSERT INTO base_employee (birthdate,card_id,empphn,marriage,nationality,political,sex,nodeid) VALUES (NULL, '320401198403258612', '13333333333', '1', NULL, NULL, '1', 'eb456f62-fff2-4ced-8e6d-4c0b84db6427');
INSERT INTO  base_menus (menu_id,CODE,res_config,NAME,orderno,parent_id,res_url) VALUES ('3051c5bf-4b2b-42a2-ab51-8fb0f27b7908', NULL, NULL, '用户管理', '2', 'e4aa3a4a-1692-4696-81e0-449cab58217d', 'app.security.usermanager');
INSERT INTO  base_menus (menu_id,CODE,res_config,NAME,orderno,parent_id,res_url) VALUES ('4458c46d-28b0-4910-abcb-dbeb282b6c84', NULL, NULL, '机构人员', '1', 'e4aa3a4a-1692-4696-81e0-449cab58217d', 'app.security.orgmanager');
INSERT INTO  base_menus (menu_id,CODE,res_config,NAME,orderno,parent_id,res_url) VALUES ('5120002b-ebbd-49a7-9158-e626fabcd146', NULL, NULL, '数据字典', '5', 'e4aa3a4a-1692-4696-81e0-449cab58217d', 'app.security.basecode');
INSERT INTO  base_menus (menu_id,CODE,res_config,NAME,orderno,parent_id,res_url) VALUES ('6c84c631-df31-4152-9524-cfb8433eaabe', NULL, NULL, '角色管理', '4', 'e4aa3a4a-1692-4696-81e0-449cab58217d', 'app.security.rolemanager');
INSERT INTO  base_menus (menu_id,CODE,res_config,NAME,orderno,parent_id,res_url) VALUES ('917a289b-25a9-418b-9d8f-9096981778d1', NULL, NULL, '系统', '1', NULL, NULL);
INSERT INTO  base_menus (menu_id,CODE,res_config,NAME,orderno,parent_id,res_url) VALUES ('b8c77734-1952-4017-8962-23cdc98ce89e', NULL, NULL, '菜单管理', '3', 'e4aa3a4a-1692-4696-81e0-449cab58217d', 'app.security.menumanager');
INSERT INTO  base_menus (menu_id,CODE,res_config,NAME,orderno,parent_id,res_url) VALUES ('e4aa3a4a-1692-4696-81e0-449cab58217d', NULL, NULL, '系统管理', '1', '917a289b-25a9-418b-9d8f-9096981778d1', NULL);
INSERT INTO  base_menus (menu_id,CODE,res_config,NAME,orderno,parent_id,res_url) VALUES ('e4aa3a4a-1692-4696-81e0-449cab58217f', NULL, NULL, '操作日志', '6', 'e4aa3a4a-1692-4696-81e0-449cab58217d', 'app.security.operationlog');
INSERT INTO  base_roles (role_id,create_time,creator,descn,NAME) VALUES ('566cb4bf-e93c-4e53-9247-1f480a5e424c', NULL, '', '修改系统参数', '系统管理员');
INSERT INTO  base_role_menu (role_id, menu_id) VALUES ('566cb4bf-e93c-4e53-9247-1f480a5e424c', 'e4aa3a4a-1692-4696-81e0-449cab58217d');
INSERT INTO  base_role_menu (role_id, menu_id) VALUES ('566cb4bf-e93c-4e53-9247-1f480a5e424c', '3051c5bf-4b2b-42a2-ab51-8fb0f27b7908');
INSERT INTO  base_role_menu (role_id, menu_id) VALUES ('566cb4bf-e93c-4e53-9247-1f480a5e424c', '4458c46d-28b0-4910-abcb-dbeb282b6c84');
INSERT INTO  base_role_menu (role_id, menu_id) VALUES ('566cb4bf-e93c-4e53-9247-1f480a5e424c', '5120002b-ebbd-49a7-9158-e626fabcd146');
INSERT INTO  base_role_menu (role_id, menu_id) VALUES ('566cb4bf-e93c-4e53-9247-1f480a5e424c', '6c84c631-df31-4152-9524-cfb8433eaabe');
INSERT INTO  base_role_menu (role_id, menu_id) VALUES ('566cb4bf-e93c-4e53-9247-1f480a5e424c', '917a289b-25a9-418b-9d8f-9096981778d1');
INSERT INTO  base_role_menu (role_id, menu_id) VALUES ('566cb4bf-e93c-4e53-9247-1f480a5e424c', 'b8c77734-1952-4017-8962-23cdc98ce89e');
INSERT INTO  base_role_menu (role_id, menu_id) VALUES ('566cb4bf-e93c-4e53-9247-1f480a5e424c', 'e4aa3a4a-1692-4696-81e0-449cab58217f');
INSERT INTO  base_users (user_id,create_time,expiredate,online_status,PASSWORD,STATUS,user_type,username,nodeid) VALUES ('d248373e-53d5-459c-a1ce-42bc1888ff17', NULL, NULL, '1', '$2a$10$thUN89h9yXd.TKznO4rwSeyHTxQdJH2/57sf3ivH9LfQXWop3SFYi', '1', NULL, 'admin', 'eb456f62-fff2-4ced-8e6d-4c0b84db6427');
INSERT INTO  base_user_role (user_id,role_id) VALUES ('d248373e-53d5-459c-a1ce-42bc1888ff17', '566cb4bf-e93c-4e53-9247-1f480a5e424c');
insert into comm_db_date (id) values ('0');
insert into BASE_HELP_TYPECODE_MAIN (TYPECODE, ORDERNO, REMARK, TYPENAME) values ('Y_N', 0, null, '是否');
insert into BASE_HELP_TYPECODE_MAIN (TYPECODE, ORDERNO, REMARK, TYPENAME) values ('nodetype', 0, null, '机构类型');
insert into BASE_HELP_TYPECODE_MAIN (TYPECODE, ORDERNO, REMARK, TYPENAME) values ('sex', 0, null, '性别');
insert into BASE_HELP_TYPECODE (CODE, TYPECODE, MESSAGE, ORDERNO, PARENT_ID, REMARK) values ('1', 'Y_N', '是', 0, null, null);
insert into BASE_HELP_TYPECODE (CODE, TYPECODE, MESSAGE, ORDERNO, PARENT_ID, REMARK) values ('0', 'Y_N', '否', 0, null, null);
insert into BASE_HELP_TYPECODE (CODE, TYPECODE, MESSAGE, ORDERNO, PARENT_ID, REMARK) values ('01', 'nodetype', '机构', 0, null, null);
insert into BASE_HELP_TYPECODE (CODE, TYPECODE, MESSAGE, ORDERNO, PARENT_ID, REMARK) values ('02', 'nodetype', '部门', 0, null, null);
insert into BASE_HELP_TYPECODE (CODE, TYPECODE, MESSAGE, ORDERNO, PARENT_ID, REMARK) values ('1', 'sex', '男', 0, null, null);
insert into BASE_HELP_TYPECODE (CODE, TYPECODE, MESSAGE, ORDERNO, PARENT_ID, REMARK) values ('0', 'sex', '女', 0, null, null);
